{"cameraMode":{"drawMode":0,"name":"Shaded","section":"Shading Mode"},"sceneLighting":false,"audioPlay":false,"sceneViewState":{"showFog":true,"showMaterialUpdate":false,"showSkybox":false,"showFlares":true,"showImageEffects":true,"showParticleSystems":true},"in2DMode":false,"pivot":{"x":1.1920928955078126e-7,"y":-0.20780044794082642,"z":0.04623788595199585},"rotation":{"x":-0.15668946504592896,"y":0.044720254838466647,"z":-0.007102005649358034,"w":-0.9866143465042114},"size":1.5675582885742188,"orthographic":false}