{"cameraMode":{"drawMode":0,"name":"Shaded","section":"Shading Mode"},"sceneLighting":true,"audioPlay":false,"sceneViewState":{"showFog":true,"showMaterialUpdate":false,"showSkybox":true,"showFlares":true,"showImageEffects":true,"showParticleSystems":true},"in2DMode":false,"pivot":{"x":-35.025917053222659,"y":-92.13141632080078,"z":62.92203140258789},"rotation":{"x":-0.440902441740036,"y":0.21077851951122285,"z":-0.10733450949192047,"w":-0.8658317923545837},"size":73.23897552490235,"orthographic":false}