{"cameraMode":{"drawMode":0,"name":"Shaded","section":"Shading Mode"},"sceneLighting":false,"audioPlay":false,"sceneViewState":{"showFog":true,"showMaterialUpdate":false,"showSkybox":false,"showFlares":true,"showImageEffects":true,"showParticleSystems":true},"in2DMode":false,"pivot":{"x":2.8840153217315676,"y":2.057931900024414,"z":-2.04075288772583},"rotation":{"x":-0.440902441740036,"y":0.21077851951122285,"z":-0.10733450949192047,"w":-0.8658317923545837},"size":6.275798320770264,"orthographic":false}