{"cameraMode":{"drawMode":0,"name":"Shaded","section":"Shading Mode"},"sceneLighting":false,"audioPlay":false,"sceneViewState":{"showFog":true,"showMaterialUpdate":false,"showSkybox":false,"showFlares":true,"showImageEffects":true,"showParticleSystems":true},"in2DMode":false,"pivot":{"x":-17.33241844177246,"y":-13.466876983642579,"z":21.36685562133789},"rotation":{"x":-0.3064715266227722,"y":0.20792628824710847,"z":-0.06878835707902909,"w":-0.926358163356781},"size":25.36600685119629,"orthographic":false}