{"cameraMode":{"drawMode":0,"name":"Shaded","section":"Shading Mode"},"sceneLighting":false,"audioPlay":false,"sceneViewState":{"showFog":true,"showMaterialUpdate":false,"showSkybox":false,"showFlares":true,"showImageEffects":true,"showParticleSystems":true},"in2DMode":false,"pivot":{"x":15.436348915100098,"y":-21.113384246826173,"z":28.024208068847658},"rotation":{"x":-0.29562419652938845,"y":-0.12959934771060944,"z":0.0405154675245285,"w":-0.945614755153656},"size":41.57379150390625,"orthographic":false}